id,name
CE2KNLQ3G,general
CEZNZE06T,news
CJPJDV4LE,team
CJQ3M5WG3,d3_migration
CM5339CJ3,newrelic_env_notification
CN8N034TY,022_tech_outbound
CN8THBBN2,060_graphics
CSSH3T755,mailmerge
CV3AVFPSN,034_hubspot_alerts
CV97YMMGR,097_team_roadmap_product
C0108H8KQNN,anyleads
C010BB45JHF,0223_remote_jobs
C010DAUHXRA,inbound
C010S4S2WTY,uikit
C010VGFLB9U,016_interview_ques_bank
C010WP99C58,dockers
C010YCC953M,db_app
C0116TKSG80,dubai_scoping
C01190M4Q4F,tech_interns
C0119FTLQJG,jawwy_retest_march2020
C011LFMPWRM,097_product_testing
C011LFV0S6P,haastra_work
C011N5PUCA0,091_new_prj_scoping
C011Y4L25V0,024_email_validation
C012118PW2V,blog_redesign
C012LHTU7CN,mba_interns
C012PNHCL4F,034_db_creation_purchase
C012THCFGGJ,051_templates
C012WTY7G1G,058_backlinking
C013KFL8CG7,vapt
C013YUJHHQX,027_linkedin_outbound
C0140BRTGRF,online_exam_test
C0144TYTKEE,poc
C014JMGFCCD,063_ui_dev
C014LJCLFNX,advaith_connect
C015CD78648,025_tech_outbound_alternate
C015L2A6Y87,rapyder_project
C015MC91UN5,0221_target_strategy
C0171NSRUG4,perpule_automation
C0184NMM95M,haastra1
C0189TF2T4P,seamless_poc
C018C46DQTE,057_seo
C018KF6GJ0J,karate
C018RSEDC1M,yatra
C018SENC32P,088_safexpay
C018SJ550ES,020_sales_strategy
C018TCUJ79T,sequences
C019K366T96,whatsapp_updates
C01A7EAVAM9,paytm_integ_poc
C01B6PUHXJA,safexpay_ft
C01BKU86BKM,03_firstlight
C01BLG29GMR,jeebly_futurefocus
C01C4SFPL1F,05_aptivaa
C01CAJWD6BZ,cometchat
C01CRGPCY95,042_target_phones
C01CTHNM0D6,data_ripping
C01CWB5S6NB,17_xpanxion
C01D3ED3MSP,16_mycareer
C01DTDNLWBV,fulcrum
C01EPCRQN4Q,interns_lpu
C01F40EJ3QE,issue-resolution
C01FCBH8ZH7,grab
C01FK4SJSJ2,092_auto_testing
C01FS26998S,flickstree_poc_functional
C01G24BP72R,kate-test
C01GGGXK14Y,048_people_hrms
C01H36N2QDN,aws_kt
C01HBFP1QUU,051_interview
C01HYMY455M,099_performance-group
C01J03R0A83,android-app
C01J0MPQW0M,jan-interns
C01J3NZCBUL,14_vsts
C01J5L9RA3H,radhika-kt
C01J8SME074,mobile-dev-training
C01JP9BGDJ8,new_scope
C01KTA40YMT,048_intern_interviews
C01MPLG5Y5B,085_sg_delivery
C01P5L3GSKY,safexpay-automation
C01Q1JPS3PT,020_ads
C01Q6060S1M,090_sacred_groves_security_tstg
C01RGQLGCGN,094_compass_group_devops
C01SAJDUCGL,aptivaa_ui_work
C01SFH0LVS8,checkpoint_automation
C01UEH5CLVA,udbhata_project_perf
C0233LBSP7Z,034_remote_openings
C023UAV0REY,leadschool_sportskeeda
C0240HR3E1Y,learn_automation
C0243R81F2A,managing-interns
C024413DHB8,015_core_extend
C0248QXBXQE,leadschool_team
C024CHUM5NZ,leadschool_datapoints
C024FS65D7D,sportskeeda_datapoints
C024WTN1W5V,099_expleo
C025M22QGJX,091_sdet
C02630SD26R,cargoflash
C0275MSTL6N,test_channel
C027V56CENQ,0294_people_movies
C0284U7JATA,ust_svb
C028UBZ4FU4,case_studies1
C028YUXMC2K,086_eltropy
C02933JFB8Q,014_gadgets
C029PPCV66P,025_tech_outbound_extend
C029YMNSEN4,020_leadgen_strategy
C02AJFUG2AW,frugalperftesting
C02APSVUYMA,031_natasha_mql
C02CL8FCM0X,033_future_sales_leads
C02DB8TKRRB,0222_target_data
C02DDM3R49K,0543_sm_postings_analytics
C02DF914BNF,042_people_bcp
C02DV8JRA5N,051_admin
C02E2GADEKW,delivery_performance
C02E794E6Q7,0591_distribute_content_linkedin
C02EBFXHLCF,0261_linkedin_poc
C02EQ5KMPAA,017_vision_2030
C02F2AH9VGE,055_website
C02L84YSHSR,033_linkedin_profile
C02LN1PF2LT,032_hubspot_tasks
C02M94UGK6J,015_sruthi_plan_of_day
C02MQ4WLRBK,098_interview_prep
C02MV5602R2,056_funnels
C02MWGMAZQV,082_trg_requirement
C02N0SBV2H5,023_tech_deliverability
C02N5QQ3YJF,036_case_studies_review
C02N66541RS,019_tools
C02N6G3BXQS,0532_content_tools
C02NK8N4N78,051_meeting_page
C02NV34CX4Y,030_media_webinars
C02PB21DA76,0322_zoho_tickets
C02PB6R5H0A,new_project_scope
C02PFM68C6L,061_office_setup
C02PG1VPK4Y,018_freedom_course
C02Q55LQ0LC,020_leadgen_usa_agency
C02QAAM54KG,practically_project
C02QCNC2S5B,045_hiring_jan_2022
C02QFUV8VKM,anirban_plan_of_day
C02QN98FCKA,047_hiring_jan_2023
C02RL3V49T9,019_site_mgmt
C02RUAXV0PP,0262_linkedin_out_meetalfred
C02RVRDHYRJ,052_nurture_zoho
C02SMP2QJS3,059_backlinking_execution
C02SV59JUE9,0550_sm_airtable
C02T10S2ML7,084_onelern_project_mgmt
C02T72U4QJF,019_aws_daily_old_alerts
C02T78A8LJ0,019_tools_invoices
C02T90RV2JJ,0556_website_test
C02TJ7XFCE8,084_onelern_project_delivery
C02TMHQUK9V,019_tools_gsuite_admin
C02TNBHJ6M7,reviewthapar-interns
C02TUJGDMST,0298_frugal_academy
C02U2R1CYF3,015_nishitha_plan_of_day
C02UNR9G54Z,grab_1
C030JB3236U,airtable_automation_test
C030M5M7BMY,0531_content_agency
C031HDS2UKA,019_tools_slack
C032JF4P45N,lakshmi_plan_of_day
C0349G79G4S,045_people_summer_interns
C034K65PH9B,036_case_studies_2022
C034MTC3354,013_riya_mar_2022
C034P2AK4H1,031_natasha_stats
C034WEAD1KL,035_tools_asana_website
C034X0NUBQC,050_people_content_jahnavi
C0351LG3PQE,yogesh_plan_of_day
C035AL0FUQ4,015_aashish_plan_of_day
C035CB4932R,gaurang_plan_of_day
C035FR6G7KR,052_jibble
C035L2WNP1U,024_tech_out_2022
C035LD0BMEJ,024_tech_out_green_arrow
C035T1FR9UK,045_hiring_summer_2022
C03634RMZ6F,036_active_resume_2022
C036KCWB61W,anees_plan_of_day
C037ESMQ8TT,025_tech_out_bulk
C037FDM0YNB,sree_plan_of_day
C037P72BM7Z,automation_with_selenium
C037R6YMFQV,017_angel_agency
C037UGXR1C5,031_natasha_calling
C038J1D2E2C,019_tools_apollo
C038KC9BYTS,anees_lwd_signingoff
C03AMRNQN3X,shuru_ft
C03BJ18LK3R,website_revamp_core
C03BJ5C0ZTJ,physicswallah
C03BNEJQ6G6,046_people_intern_work
C03DKJ4DCET,abhishu_tasks
C03DSA134PP,0924_load_testing
C03DSBKKUMB,devops
C03EAT0FM2L,031_linkedin_network
C03G0F8EYQY,049_people_testimonials
C03GYPMASVA,0292_people_investments
C03GYPUC5QC,0293_people_fitness
C03HL6P5SUQ,017_valuation_agency
C03HLT30Y2F,047_hiring_summer_2023
C03HS1FAAC8,035_advisory
C03JS0U4PK4,032_linkedin_nurture
C03LPCRA3TM,grab_2022
C03LQ5B7G04,photos
C03MN8BU34Z,029_linkedin_leads
C03MT1ANKGT,033_future_sales_premium
C03NPL9PBHA,0445_hiring_content_fulltime
C03P76Z4396,091_cariq_automation_tstg
C03PF0P66AH,097_ms_dynamics_crm_load
C03Q5309FL7,014_ops_interns_kt
C03Q5T9SENB,029_linked_leads_future
C03QD7PBEUB,044_hiring_sales_lead
C03R4E02JBX,092_vote_app_vapt
C03RD5U9FLK,095_jira_trello_dashboard
C03RE3RRWH2,044_hiring_telecaller
C03RHSB2TEZ,033_staffing_leads
C03RKNXHKGR,044_hiring_de_ra
C03RL4Q8XRP,031_partnerships
C03RW2BPWQG,0131_hr_vyashnavi_intern_kt
C03SG62KYLA,0502_podcaster
C03SZNTU7QR,020_product_sales
C03UX9G3K4K,027_linkedin_payment
C03V2SA00S3,084_testhouse_jic_bank
C03V5GXRCMA,081_velmeni_project
C03V7N56ZGW,035_old_customers
C040J191FS8,048_people_hubspot
C040KL0QMJL,051_templates_tech
C040L0LSDRN,030_linkedin_leads_premium
C040MEMMX3R,051_templates_linkedin
C040Z18TXNH,051_templates_sales
C0411T3UE4U,052_nurture_tools_alternate
C041B9KA42D,051_templates_nurture
C041XUY5QMC,051_subject_lines
C0428MKSKGX,0534_facebook_community
C042BM6E01Y,052_nurture_linkedin
C042RJHFNSJ,031_natasha_alerts
C042UH3BTMZ,0321_hubspot_migration
C042V8NAYM8,032_hubspot_leads
C042XEMJLTU,051_templates_meetings
C042XMW1HDJ,045_hiring_ui_ux
C042XR2TJEQ,051_hiring_agency_profiles
C0430LLLPPA,019_tools_apollo_alt
C0436DHV5PZ,033_hyd_founders
C043BKKCML7,019_tools_whatsup_auto
C043EMKFF0A,091_testing_tools
C043GAULYQK,030_media_webinars_schedule
C043KJ1CZBQ,019_tools_zapier
C043MSJ2XSL,057_seo_website_traffic
C043S8LBUNN,011_finance_jupiter
C043T2GPHM0,049_people_insurance
C043T3QL9GD,012_finance_cc_cards
C0442U604NQ,daily-email-replies
C0444KY53D3,0511_template_cold_perf
C0445HT2L1X,050_diwali_gifts
C044GE39WJH,099_dreamvu
C044PCCCRB8,024_client_offers
C044PEDM6J0,051_template_strategy
C044UKWL1E0,0292_people_all_sports
C04508FBQP5,finance
C0452G38W9G,019_tools_appsumo
C0455UW9154,012_finance_sow_creation
C045FTZ9H7S,088_npci_wholesale_delivery
C045J6X895W,043_people_inventory
C045SDRQTMF,019_tools_gsuite_cold
C0462G5KD0U,051_company_deck
C04662T476K,025_cold_email_leads
C046DBRJJUU,019_aws_billing_new
C046DBYUSHJ,012_finance_ca_vendors
C046LHPN1HR,025_cold_emails_future
C046PKG9LVB,037_proposals_wireframe
C046WNGTJRK,022_smartlead
C046Z9APQSV,025_cold_emails_premium
C047F14K24U,011_finance_year_end
C047XQC2NJ1,0543_sm_glassdoor_metric
C048APMTLAF,011_finance_gst
C048H5SEWUE,0546_sm_youtube
C048KRN3D7X,0545_sm_leads_audit
C048M2SUX53,0542_sm_client_reviews
C048S82A56Y,053_content_strategy
C0491UXPGBX,081_velmeni_ai_ml_testing
C0493L40U8K,025_cold_emails_leads_usa
C049478B2RW,035_old_friends
C04997FP7HA,0553_website_tools
C0499KH3135,0573_seo_keywords
C049C5BE79N,0541_sm_admin
C049D6E2RTP,020_growth_hackers
C049H8F5W0J,044_hiring_ft_data
C049S097344,048_people_soft_sumhr_poc
C049X6LR7GF,019_tools_gusuite_audit_ft
C04A194G021,052_hiring_bba_women_colleges
C04A255FC9X,043_people_others
C04AB2JRNV9,048_people_soft_interviews
C04AB2WA62F,0533_content_tools_email
C04AF3TG5U5,019_tools_data_scrapper
C04AH51UL8Z,081_velemeni_leads
C04B3E61JNT,032_meetings_alerts
C04B5ME9G67,0222_atarget_data_avail
C04BB2C3KCN,031_media_events
C04BBQPNLKU,0324_meeting_data
C04BEUNRQF7,0221_target_market_profiles
C04BF42C1BP,0321_zoho_exit
C04BQQKDT1R,0323_zoho_sales_data
C04BWTJCNG4,019_tools_contact_mgmt
C04CER6K887,034_linkedin_outbound_machines
C04CKJQQ4E9,061_graphics_2022
C04CP6VLGHE,019_tools_gmail
C04CRNHGN58,031_natasha_stats_monthly
C04D23WKBC6,052_nurture_zoho_leads
C04E2BGSPPH,050_people_induction
C04E7QLJZ2R,0262_linkedin_leaddelta
C04EB3E3P8B,019_tools_sales
C04EPL2NWCA,012_ria_plan_of_day
C04ESPHPP88,083_genwe
C04EYLBRSKD,012_rohit_plan_of_day
C04FCMS5MSL,012_pallavi_plan_of_day
C04FDBDPPS4,014_ops_mgr_role
C04FDEN1MMJ,047_hiring_june_2023
C04FSQ6U362,013_product_mgmt
C04GMMB9LBA,047_hiring_june_2023_non_tech
C04GMVBGR0S,0295_people_deals
C04H7S64952,induction-sheet_review
C04HHCS7KBJ,012_abhishek_plan_of_day
C04HJ2WSQ4Q,019_tools_gsuite_srv_mail
C04J8P6LRHC,0224_target_lead4u
C04JS3T9SEP,032_prospects_profiling_usa
C04JS7ZCGET,019_tools_chatgpt
C04KF4YSEBG,049_people_layoffs
C04KM4DSGCX,otp
C04L7JT8ZBM,043_people_net_connection
C04L7N70ZGB,081_kritsnam
C04M0BVSGAE,050_people_notion
C04M6842469,084_meet7
C04M7MHAE1F,026_linkedin_strategy
C04MARH27A7,0261_linkedin_doux_soup
C04MG9924CS,019_aws_daily_new_alerts
C04MR60H0VD,012_akhilesh_plan_of_day
C04N3DLSR5K,052_nurture_smartlead_prospects
C04NTKTNL0J,013_personal_timepass
C04NXNBQ4RK,099_mintable
C04P29RN2JY,033_linkedin_virality
C04P92DGQ1Y,tech_non-tech-ca-marks
C04PCMT4A8L,096_foundation_ai_poc
C04PU0LUFJT,085_sg_strategy
C04PXET7PJ7,048_hiring_batch_2024_tech
C04Q9203C3H,015_pranathi_plan_of_day
C04QHDNGBU2,0321_hubspot_audit
C04QTPJS47J,048_hiring_batch_2024_non_tech
C04QW9W57CN,0293_people_health
C04QXPU36PR,084_repurpose
C04RTLS51ML,0241_block_domains
C04RW2UD4B1,031_natasha_mql_int
C04RZV0FQ3H,0297_people_fgg
C04S9DE5LBW,0133_arun_plan_of_day
C04SKP4B34Z,032_hubspot_leads_update
C04SWL19UBS,012_suresh_plan_of_day
C04T1M1M74Z,012_dharma_plan_of_day
C04T296GJJK,019_tools_excel
C04T4PR1G4S,031_media_colleges
C04T5P0EMAA,093_load_tstg_tool_mar_2023
C04TA4KFX1C,011_us_setup
C04TBFB9KJM,043_people_monthly_call
C04TN4RSR1U,0296_people_badminton
C04TTFPRKP0,0299_people_podcasts
C04TTUP2PL7,0299_people_food_joints
C04TWQ3HJAV,019_tools_sdet_mrktg
C04TX27N18V,050_people_gifts
C04U0UXNXNX,0298_people_cycling
C04U1PDTN4E,0299_people_music
C04UC245YS1,0533_content_emp_spotlight
C04UDMR0M97,0299_people_book_club
C04UEJ24AMR,0299_people_outstation
C04UHH9JGS3,0291_people_breakfast
C04ULC59ZHP,019_tools_chatgpt_sdet
C04UMGSMKFX,091_new_prj_scoping_load
C04UPJZ4JHG,0294_people_tech_general
C04US04CGMS,012_harshad_plan_of_day
C04UXM16QFM,044_people_new_joiners_bba
C04V36XCKV3,032_meeting_stats
C04VBKS57CK,091_new_prj_scoping_auto
C04VD9K11S4,0294_people_fintech
C05030T0LRH,099_bottle
C050969HRT3,n8n-flows-testing
C050JANVC5D,090_sensfix
C0516CDDE0J,calendly-meetings
C051CT57E77,043_people_maid
C05215N66KH,011_trisha_plan_of_day
C0524UJ4AQ4,0331_active_customers
C0525RRE1L4,043_office_batteries
C052FHT0EKD,011_gidion_plan_of_day
C052HBJ0KQA,0295_people_pooja_path
C052LUXKB2P,april-joiners
C052N08LABY,037_customer_competition
C052PF3PLCU,011_laboni_plan_of_day
C052Z3AR064,05111_nurture_strategy
C053HH69ENN,0432_paris_trip
C053HU7MR5Z,011_sruti_plan_of_day
C0547NWLS9J,011_prashanthi_pod
C054EL63E2C,044_hiring_hr_lead_2024
C054ZA90ETB,0561_funnel_analytics
C0557P38FP1,048_people_payments
C055C7TP955,036_case_studies_active_projects
C0567R38A8N,044_people_bench_weekend
C056E0D470X,022_smartlead_alerts
C056LGG9TUM,096_5x_vapt
C056N3EG882,043_people_lunch_office
C056U37JF4Z,042_people_doc_audit
C056WUTPVJM,088_npci_pso
C057D5WV600,097_coheal_load
C057GP7AR0T,081_velmeni_load_testing
C057MRGCFUP,089_iit_dhanbad_plans
C057V0VJ9KP,032_meeting_stats_monthly
C057VDV2W30,044_hiring_fast
C057XLZDYF5,0132_naidu_pod
C057YC6RP5L,011_rohini_pod
C0582BZNJ9G,013_iit_srini_pod
C0583Q04X4M,032_proposals_monthly
C058DCXGM9V,011_achintaya_pod
C058F0YCDCH,0125_esha_iit_pod
C058F2BAKLL,048_hiring_sri_vishnu_2024
C058MFSPXHN,0131_tharun_pod
C059DV0SYAU,043_ppl_hiring_overall_2024
C05B3HZ7SCC,032_meeting_reminders
C05BURK0QMU,011_hanshita_pod
C05CDHC4ELR,012_abhinav_pod
C05CKFUH801,044_people_exit
C05CP11FURL,091_sdet_core
C05CPB1RHMG,031_media_coverage
C05CQKARLG0,012_sahil_pod
C05CTRCSCHX,096_vapt_vendors
C05D2S4CFDG,043_people_homeworks
C05E2LMFUS1,011_hanshitha_hr_tasks
C05E5B0D5TM,099_hitachi
C05E97RD2KG,0923_api_testing
C05EQJ74P6H,0555_website_rupesh
C05EUD206NN,011_us_trip
C05F31Q8CPQ,012_dharaneesh_pod
C05FT32EQEB,0559_website_vendors
C05FUSEFLG0,061_graphics_tools
C05GSRDNKCP,0552_website_content
C05GW9Q633N,012_sumasri_pod
C05H147JZC3,031_natasha_mql_calling
C05H1T1H23Y,0222_target_job_portal
C05HVJV3RV5,0431_people_home_trips
C05JBSTP7EH,081_octosoft_mark
C05JDERES1M,096_vapt_overall
C05JSH48DM1,043_home_hunt
C05K9NQ4YKV,0558_website_payment
C05KBFHDGCQ,0821_trg_project
C05KCPUQ0P3,085_automation_reports
C05KGBGNBDW,0924_cloud
C05KVFQBMU7,043_people_hiring_laterals
C05KXD74ZB8,0552_website_content_coq
C05L5LLBMNU,052_nurture_addition
C05LNCQ9UR2,043_people_home_tailor
C05LUQ0LNT0,033_linkedin_profile_experts
C05MR4725KJ,033_linkedin_profile_content
C05MYKQUX0D,091_ablesoft_poc
C05N7T61D2T,019_tools_loom
C05NW7QHBK9,0222_upwork
C05PJLBG8UT,019_sybill-notifications
C05Q44THPV3,0924_load_apm
C05Q9N7QLNQ,013_personal_immigrate
C05QLQNLBAN,019_tools_gsuite_srv_mail_hr
C05QTM8C4LS,013_personal_meditate
C05QUEMEC11,035_advisory_startups
C05QUKESSGL,035_old_bosses
C05QW0ZJ7M0,043_people_pune_flat
C05QX5S1GKE,0551_website_testing_sept_2023
C05R2KXBCUC,029_linkedin_courses
C05SEA2LZ3P,019_tools_domain_audit
C05SF1YDGMB,032_meetings_mom_imp
C05SLJG1EJC,088_npci_fintech
C05T8GV6JJ1,082_invicta
C05U2PZ9D51,012_brajesh_pod
C05U45E2LLE,0551_website_phase2
C05UAULARHR,043_people_flights
C05US9G8M4G,083_dubdub
C05UZLR98TE,044_hiring_sr_jmeter
C05V01APN13,031_partner_dev
C05V8JXP6SK,0446_hiring_ba
C05VBFGQ26L,044_hiring_ft_snr_engg
C06043Y3TPE,047_hiring_summer_2024
C0604CJ5T8Q,019_market_sentiment
C0607J5A1R8,033_staffing_ust
C060BUCDD08,031_partner_experts
C060DU2VC1W,019_job_changes
C060EP97MKM,0221_target_intent
C060JMFTVJ4,044_hiring_ft_lead
C060QH3CUJ0,033_staffing_leads_linkedin
C060USKDQ6P,044_hiring_java_dev
C060W81M6RJ,044_hiring_scrty_engg
C061CQ1U0E5,083_medasystems
C061G248KM0,024_tech_out_hiring_2023
C061GQGDP5W,044_hiring_ft_auto_engg
C061QEA109E,048_people_ats
C062TP6JMA6,invicta-mails-neeraj
C062W72BW9L,044_hiring_bde
C0632K4M3BM,089_load_training
C0637SACTMZ,081_testhouse_load
C063ACYR64C,019_tools_slack_community
C063BQ6104U,044_hiring_email_mark
C063PNKJNEB,035_advisory_hire
C063SS9D6LB,052_nurture_smartlead_colleges
C063X1CUZA5,081_zykkr_kanchan
C0654JS98KY,044_people_new_joiners_tech
C065JUCL6MP,0131_manoj_pod
C066HAAB68G,019_tools_gsuite_cold_audit
C06797CS6J1,061_home_decor
C067ZETUF1U,012_startup_vendors
C0687VCL7GU,081_project_audit
C0688FT0DUL,043_people_fashion
C068TK518VD,0503_soham_birthday
C068Y84GZMJ,020_lead_gen_kt
C0690SGGHGF,041_people_general
C0691J6EVFB,031_media_osu
C0693U1RUBS,012_current_account
C0694CDLT47,031_natasha_calling_softwares
C069BP6658U,0502_photos_mgmt
C069DJT20E7,031_media_agency
C069F3L019R,050_photos_albums
C069QN5ECLW,029_trip_vizag
C069SB7BTQR,020_sales_agencies
C069T2JT620,031_media_awards
C06A58RARJ7,030_media_incubation
C06A7Q5TVK6,019_tools_invoice_audit
C06A9BGAS65,031_virtual_0ffices
C06AAM5AA3C,031_media_birthdays
C06AD2A6MJB,0548_sm_techgig
C06ADMXB72T,057_seo_agency
C06ALQYV8HY,0546_sm_youtube_shorts
C06ANC54H8T,050_photo_shoot
C06AY1UE6JH,0571_seo_audits_others
C06B2C47VNZ,044_hiring_seo
C06B3N1RME3,043_home_loans
C06B4FF3VRC,081_pepperadv_load_project
C06B4J87K9P,029_team_building
C06B8HCFDPA,054_sm_strategy
C06BAPWPSM8,0543_new_joiners_sm_reviews
C06BEKJPV45,0546_sm_facebook
C06BG7MV0A3,043_office_furniture
C06BH3FDZK8,081_power_cloud
C06BQ787YS2,042_people_bcp_leads_audit
C06BSRGHA3Y,043_home_old_car_selloff
C06BTRU8HLM,032_meeting_remindres_intent
C06BW6R4H3K,0544_sm_twitter
C06BZDPQ9EE,057_seo_audit_ft
C06BZEXU4MQ,043_home_new_car
C06C2FU0E0H,043_home_interiors
C06CHGQ3QH2,029_people_awards
C06CQLL9150,05722_seo_tools
C06D397RVMF,0556_website_perf
C06DC72DBL5,043_home_shift
C06DMQPRK5H,057_seo_tech_audit
C06DNAX0UD8,057_seo_ahref
C06DP5XFKL0,031_media_mentors
C06DU24GPTL,0552_website_badges
C06DUMRGGTE,057_seo_sourav
C06DWLN4K7S,057_seo_agency_mom
C06E8BRRQM8,044_hiring_seo_content_mgr
C06EHPGL7FW,0574_seo_content
C06EQ3GUCUR,019_tools_whatsup_comm
C06EXEN3B1Q,033_mentors
C06F6CE9W0Y,085_nic
C06FC4SNHK4,081_ffreedom
C06FCJXCXHU,011_finance_emails
C06FMUPU7N0,081_ripple_metering
C06FY5TLCLA,044_hiring_pr_lead
C06G75HB680,012_priti_content_pod
C06GAPHU6JD,0191_tools_whats_comm_rupesh
C06HL1X3FQ9,0557_website_dev
C06HTQYQU8M,0574_seo_freelancer
C06KNLTK4K0,031_media_agency_outreach
C06KT0C9PGD,041_people_legal_agencies
C06KV706B6F,031_media_agency_mom
C06KWBPEVNJ,043_old_office_exit
C06LD4KQ4J0,020_growth_strategy
C06M5RWGC21,052_nurture_smartlead_job_seekers
C06MF4LP6JW,025_cold_emails_angry
C06MUMNV8VB,022_instantly
C06MW9C3X8U,057_seo_frase
C06MZERP0BY,0558_webflow_slack
C06N06SPRHA,044_people_content_contract
C06N4PGK90S,044_hiring_dev_ops
C06NACL25PB,0445_hiring_content_freelancer
C06NC3ZLT8T,0573_seo_keywords_review
C06NE8Z628Y,011_sindhuri_ops_lead_pod
C06NGMAFB2R,049_client_merch
C06NMR45LKX,05741_seo_freelance_payment
C06NUJNRL0G,111_test-slack-webflow
C06NV8NPC14,0445_hiring_junior_content
C06P65JN1U5,032_meetings_alerts_inbound
C06P9BQTZUG,0562_seo_strategy
C06PLB949HD,043_people_weekend
C06Q04T73C6,0551_website_testing_core
C06Q769AZMH,057_seo_old_website_pages
C06QPH18TRA,057_seo_stats
C06QT3N1TR7,044_hiring_graphics_designer
C06QVGCSBCG,019_aws_billing_old
C06RAH05788,011_lavanya_sales_lead_pod
C06RB0ZR5HU,084_chpter
C06SBACTMKR,086_mobile_devices
C06SBUUSSUW,0291_people_laptop
C06SP4DABGD,014_soham_pod
C06SP4PNVNZ,0501_photos_frames
C06U8SV4CH2,014_gadgets_ac
C06UHH037K2,0292_personal_brand
C06UY3MQ342,024_tech_out_prj_mgmt
C06VD244ETY,05431_sm_postings_alerts
C06VD5PQE22,049_hiring_batch_2025_non_tech
C0702STN10V,049_hiring_batch_2025_tech
C07088PM0HJ,049_hiring_summer_2025
C070U6YBCFJ,0445_hiring_content_full_tech
C0715PCUUTB,057_seo_local
C071G8DTY5A,024_email_validation_audit
C071K3SN1F1,051_templates_signature
C071PCT8FGF,020_ads_agency
C071Q31MKSB,0553_website_percy
C071V5NQCAD,051_template_testing
C071WSSTYFP,011_non_tech_ops
C071X9H240M,049_office_merc
C071XCLJVEJ,051_templates_podcast
C071ZJ09951,0124_nayan_iit_pod
C07227UFG4U,051_templates_nurture_easy
C0722G42QN4,0221_target_meeting
C0723VA8Q82,020_ads_agency_mom
C072A8W8TH8,05531_website_tracking_tools
C072BM78MD2,0299_people_bhajans
C072P0Z8U1E,091_co-pilot
C072SKZNU2G,027_linkedin_captions
C072SQF18S1,020_ads_design
C072T1R9JN9,0511_template_nurture_perf
C072TTW4N4Q,013_nandan_iiit
C073644CCLQ,051_templates_staffing
C073656H83A,05532_factors_to_slack
C073BQCMCNP,0557_integrations
C073CKVPZ5F,022_uptics
C073LLUK1MJ,0224_tools_data_enrich
C073LT250F7,tldv-channel
C073M9K7JN8,personal
C073REFCDHD,011_hanshitha_pod_exit
C0740538KDK,05021_podcast_edits
C07415A9S2J,0241_tech_out_2022_deep_dive
C0749V9S0TW,026_linkedin_agency
C074A4953M3,051_templates_cold_review
C074T7SR06B,0553_website_career_page_alerts
C074URN5U5D,05532_factors_to_slack_metric
C074XQD2BHP,05022_podcast_agency
C074ZFU4UV7,0221_instantly_migration
C0758EH4YR1,0571_seo_non_tech
C0759NZD319,0224_clay
C075C0NDMBK,0411_people_bond
C075ETAPXMJ,051_templates_calendly
C075NJ5USLQ,0231_deliverability_experts
C075S4U4GE6,011_aarushi_pod_exit
C076BTK06SD,0224_clay_gurus
C076FCK9DMW,changed
C076FCRSF0Q,0550_sm_engagement
